/*DROP  TABLE IF EXISTS Partenaire, Contact, Etiquette, Commentaire, PartenaireEtiquette, ContactEtiquette, PartenaireCommentaire, ContactCommentaire;

CREATE TABLE Partenaire(
	ID_Partenaire INT GENERATED BY DEFAULT AS IDENTITY (START WITH 1011) NOT ' ' PRIMARY KEY,
	-- start with (le nuéro a partir du quel on peut générer automatiquement)
	Raison_Sociale VARCHAR(40) NOT ' ',
	Adresse VARCHAR(60), 
	Ville VARCHAR(15), 
	Region VARCHAR(24), 
	Code_postal CHAR(10), 
	Pays VARCHAR(15), 
	Telephone VARCHAR(24) default ' ',
	Mail_Partenaire VARCHAR(40)
	--IDENTITY(1011,1)
	
);

CREATE TABLE Contact (
	ID_Contact INT  GENERATED BY DEFAULT AS IDENTITY (START WITH 2017 )NOT ' ' PRIMARY KEY,
	Nom VARCHAR(30) NOT ' ',
	Prenom VARCHAR(30) NOT ' ',
	Mail VARCHAR(40),
	Tel_portable VARCHAR(24),
	Tel_fixe VARCHAR(24),
	Fonction VARCHAR(40),
	Partenaire_contact INT NOT ' ',
	CONSTRAINT FK_Partenaire FOREIGN KEY (Partenaire_contact) REFERENCES Partenaire(ID_Partenaire) ON DELETE RESTRICT
	
);

CREATE TABLE Etiquette (
	ID_Etiquette INT  GENERATED BY DEFAULT AS IDENTITY (START WITH 13) NOT ' ' PRIMARY KEY , 
	Intitule VARCHAR(40) NOT ' ' UNIQUE
);

CREATE TABLE Commentaire (
	ID_Commentaire INT  GENERATED BY DEFAULT AS IDENTITY (START WITH 4003) NOT ' ' PRIMARY KEY, 
	Texte VARCHAR(255) DEFAULT ' ',
	Date_Commentaire DATE NOT ' ',
	Auteur VARCHAR(30) DEFAULT ('Admin')
);

CREATE TABLE PartenaireEtiquette (
	ID_PE INT  GENERATED BY DEFAULT AS IDENTITY (START WITH 6041)NOT ' ' PRIMARY KEY ,
	Partenaire_etq  INT NOT ' ',
	Etiquette_Partenaire INT NOT ' ',
	CONSTRAINT FK_Partenaire_etq FOREIGN KEY (Partenaire_etq) REFERENCES Partenaire(ID_Partenaire),
	CONSTRAINT FK_Etiquette_Partenaire FOREIGN KEY (Etiquette_Partenaire) REFERENCES Etiquette(ID_Etiquette)
);

CREATE TABLE ContactEtiquette (
	ID_CE INT  GENERATED BY DEFAULT AS IDENTITY (START WITH 8002)NOT ' ' PRIMARY KEY,
	Contact_etq  INT ,
	Etiquette_contact INT ,
	CONSTRAINT FK_Contact_etq FOREIGN KEY (Contact_etq) REFERENCES Contact(ID_Contact),
	CONSTRAINT FK_Etiquette_contact FOREIGN KEY (Etiquette_contact) REFERENCES Etiquette(ID_Etiquette)
);

CREATE TABLE PartenaireCommentaire (
	ID_PC INT  GENERATED BY DEFAULT AS IDENTITY (START WITH 9004)NOT ' ' PRIMARY KEY ,
	Partenaire_com INT,
	Commentaire_Partenaire INT,
	CONSTRAINT FK_Partenaire_com FOREIGN KEY (Partenaire_com) REFERENCES Partenaire(ID_Partenaire),
	CONSTRAINT FK_Commentaire_Partenaire FOREIGN KEY (Commentaire_Partenaire) REFERENCES Commentaire (ID_Commentaire)
);

CREATE TABLE ContactCommentaire (
	ID_CC INT  GENERATED BY DEFAULT AS IDENTITY (START WITH 11003) NOT ' ' PRIMARY KEY,
	Contact_com  INT,
	Commentaire_contact INT,
	CONSTRAINT FK_Contact_com FOREIGN KEY (Contact_com) REFERENCES Contact(ID_Contact),
	CONSTRAINT FK_Commentaire_contact FOREIGN KEY (Commentaire_contact) REFERENCES Commentaire (ID_Commentaire)
);*/


INSERT INTO Etiquette(ID_Etiquette, Intitule) VALUES
	(1, 'Stage'),
	(2, 'Taxe d''apprentissage'),
	(3, 'Contrat d''apprentissage'),
	(4, 'Contrat professionnalisation'),
	(5, 'Prestataire'),
	(6, 'Industriel'),
	(7, 'Institution'),
	(8, 'Etablissement de sante'),
	(9, 'Etablissement scolaire'),
	(10, 'Partenaire'),
	(11, 'Vacataire'),
	(12, 'Forum Entreprise ISIS');

--- pour des raisons de confidentialité ce ne sont pas les vrais noms des Partenaires
INSERT INTO Partenaire(id_Partenaire, raison_sociale, adresse, ville, region, code_postal, pays, telephone, mail_Partenaire) VALUES 
	(1001,'Insitut de la e-santé','30 rue des lys', 'Tours', 'Centre-Val de Loire', '3700', 'France', '06.85.23.78.63', 'contact@institut-esante.fr'),
	(1002,'CH de Sabran' , '101 Avenue Jean Moulin', 'Sabran','Occitanie','30200','France', '02.58.69.57.63', 'contact.ch@ch-sabran.fr'),
	(1003, 'CHRU de Toulouse', '256 Route d''Albi', 'Toulouse', 'Occitanie', '31000', 'France','04.78.96.54.21', 'chru.tls.contact@chru-tls.com'),
	(1004, 'EntrepriseA' , '13 rue des marguerites', 'Albi', 'Occitanie','81000','France', ' ','contacts-entrepriseA@entrepriseA.com'),
	(1005, 'Entrprise B' , '10 impasse des corbeaux', 'Castres','Occitanie','81100','France', '05.96.78.45.36','contact@entrpriseB.com'),
	(1006, 'Entreprise C' , '23 boulevard des lilas', 'Paris','Ile de France','75007','France', '04.23.14.19.73','contacts@entrepriseC.com'),
	(1007, 'CH de Dijon' , '54 place Simone Veil', 'Dijon','Bourgogne-Franche-Comté','21000','France', '05.73.48.62.15','contacts@ch-dijon.fr'),
	(1008, 'INSERM de Toulouse' , '3 rue Romain Gary', 'Toulouse','Occitanie','31000','France','0578134696', 'contacts-insrem@inserm-toulouse.com'),
	(1009, 'Clinique de Castres' , '48 avenue des hortensias', 'Castres','Tarn','81100','France', '02.36.58.97.41','contacts@cliniqueCastres.fr'),
	(1010, 'Entreprise D' , '70 avenue Sun Tzu', 'Paris','Ile de France','75012','France', ' ','contacts@entrepriseD.com');

INSERT INTO Contact (id_contact, nom, prenom, Mail, tel_fixe, tel_portable, fonction, partenaire) VALUES
	(2001,'Dupont','Agnès', 'dupont.agnes@institut-esante.fr', ' ', '06.53.48.78.96', 'Responsable Informatique', 1001),
	(2002, 'Dupuy' , 'Yvan', 'direction@ch-sabran.fr','05.36.96.36.58',' ','Directeur', 1002),
	(2003, 'Dujardin', 'Stéphanie', 'rsi@chru-tls.com', '05.45.63.21.89', '07.89.45.12.36', 'Responsable Systemes d''Informations',1003),
	(2004, 'Dupond' , 'Paul', 'drh@chru-tls.com', ' ','07.89.12.35.63','Directeur RH', 1003),
	(2005, 'Georges' , 'Robert', 'robert.georges@entrepriseA.com','05.30.32.56.78','07.11.22.33.44','Responsable R&D', 1004),
	(2006, 'Martin' , 'Julie', 'directrice@entrepriseB.com','09.78.63.14.25', ' ', 'Directrice', 1005),
	(2007, 'Michel' , 'Simone', 'rsi@entrepriseC.com','09.1456.36.89','06.45.89.36.25', 'Responsable SI', 1006),
	(2008, 'Petit' , 'Anne', 'anne.petit@entrepriseC.com', ' ','07.50.56.36.98','Expert SI', 1006),
	(2009, 'Dubray' , 'Marie', 'marie.dubray@ch-dijon.fr', ' ','07.1313.65.45','Chef de projets informatiques',1007),
	(2010, 'Fabre' , 'Natalie', 'natalie.fabre@ch-dijon.fr', ' ','07.50.12.47.49','Responsable Interop', 1007),
	(2011, 'Thomas', 'Marc', 'rsi@inserm-toulouse.com', '05.47.12.21.78', '07.10.02.12.36', 'Responsable Systemes d''Informations',1008),
	(2012, 'Bernard', 'Christian', 'drh@cliniqueCastres.fr', '05.7806.36.97', '07.58.78.10.25', 'Directuer RH',1009),
	(2013, 'Dubois', 'Christophe', 'dubois.christophe@entrepriseD.com', ' ', '07.10.02.32.58', 'Ingenieur developpeur',1010),
	(2014, 'Durand', 'Claude', 'durand.claude@entrepriseD.com', '05.78.45.36.20', '07.81.20.22', 'Directeur Informatique ',1010),
	(2015, 'Fournier', 'Stéphane', 'fournier.stephanie@entreprise.comm', ' ', '06.20.22.20.23', 'Chef de produits',1010),
	(2016, 'Mercier', 'Laura', 'mercier.laure@entrepriseD.com', ' ', '06.20.01.20.24', 'Chef de projets',1010);


INSERT INTO Commentaire(ID_Commentaire, Texte, Date_Commentaire, Auteur) VALUES 
	(4001,'Prise de contact au Winter Camp 2022', '2022-02-02', 'Admin'),
	(4002, 'Toujours présents à tous les événements ', '2022-03-01', 'Admin');

INSERT INTO Etiquette_partenaire (ID_Etiquette,ID_Partenaire) VALUES
	(7, 1001),
	(10, 1001),
	(12, 1001),
	(1, 1001 ),
	(8, 1002 ),
	(3, 1002 ),
	(2, 1002 ),
	(10, 1002),
	(1, 1003 ),
	(4, 1003 ),
	(8, 1003 ),
	(10, 1003),
	(12, 1003),
	(1, 1004 ),
	(6, 1004 ),
	(12, 1004),
	(6, 1005 ),
	(4, 1006 ),
	(6, 1006 ),
	(12, 1006),
	(10, 1006),
	(8, 1007 ),
	(10, 1007),
	(2, 1007 ),
	(3, 1007 ),
	(12, 1007),
	(7, 1008 ),
	(1, 1008 ),
	(4, 1008 ),
	(1, 1009 ),
	(8, 1009 ),
	(10, 1009),
	(6, 1010 ),
	(1, 1010 ),
	(2, 1010 ),
	(3, 1010 ),
	(4, 1010 ),
	(5, 1010 ),
	(10, 1010),
	(12, 1010);

INSERT INTO Etiquette_contact (ID_Etiquette, ID_Contact) VALUES
	(11, 2013);

INSERT INTO Commentaire_partenaire (ID_Commentaire, ID_Partenaire ) VALUES
	(4001, 1001),
	(4002, 1010),
	(4002, 1007);

INSERT INTO Commentaire_contact (ID_Commentaire,ID_Contact) VALUES
	(4002, 2008),
	(4001, 2005);

